ALPHA_2,ALPHA_3,FLAG,NAME
AW,ABW,ğŸ‡¦ğŸ‡¼,Aruba
AF,AFG,ğŸ‡¦ğŸ‡«,Afghanistan
AO,AGO,ğŸ‡¦ğŸ‡´,Angola
AI,AIA,ğŸ‡¦ğŸ‡®,Anguilla
AX,ALA,ğŸ‡¦ğŸ‡½,Ã…land Islands
AL,ALB,ğŸ‡¦ğŸ‡±,Albania
AD,AND,ğŸ‡¦ğŸ‡©,Andorra
AE,ARE,ğŸ‡¦ğŸ‡ª,United Arab Emirates
AR,ARG,ğŸ‡¦ğŸ‡·,Argentina
AM,ARM,ğŸ‡¦ğŸ‡²,Armenia
AS,ASM,ğŸ‡¦ğŸ‡¸,American Samoa
AQ,ATA,ğŸ‡¦ğŸ‡¶,Antarctica
TF,ATF,ğŸ‡¹ğŸ‡«,French Southern Territories
AG,ATG,ğŸ‡¦ğŸ‡¬,Antigua and Barbuda
AU,AUS,ğŸ‡¦ğŸ‡º,Australia
AT,AUT,ğŸ‡¦ğŸ‡¹,Austria
AZ,AZE,ğŸ‡¦ğŸ‡¿,Azerbaijan
BI,BDI,ğŸ‡§ğŸ‡®,Burundi
BE,BEL,ğŸ‡§ğŸ‡ª,Belgium
BJ,BEN,ğŸ‡§ğŸ‡¯,Benin
BQ,BES,ğŸ‡§ğŸ‡¶,"Bonaire, Sint Eustatius and Saba"
BF,BFA,ğŸ‡§ğŸ‡«,Burkina Faso
BD,BGD,ğŸ‡§ğŸ‡©,Bangladesh
BG,BGR,ğŸ‡§ğŸ‡¬,Bulgaria
BH,BHR,ğŸ‡§ğŸ‡­,Bahrain
BS,BHS,ğŸ‡§ğŸ‡¸,Bahamas
BA,BIH,ğŸ‡§ğŸ‡¦,Bosnia and Herzegovina
BL,BLM,ğŸ‡§ğŸ‡±,Saint BarthÃ©lemy
BY,BLR,ğŸ‡§ğŸ‡¾,Belarus
BZ,BLZ,ğŸ‡§ğŸ‡¿,Belize
BM,BMU,ğŸ‡§ğŸ‡²,Bermuda
BO,BOL,ğŸ‡§ğŸ‡´,"Bolivia, Plurinational State of"
BR,BRA,ğŸ‡§ğŸ‡·,Brazil
BB,BRB,ğŸ‡§ğŸ‡§,Barbados
BN,BRN,ğŸ‡§ğŸ‡³,Brunei Darussalam
BT,BTN,ğŸ‡§ğŸ‡¹,Bhutan
BV,BVT,ğŸ‡§ğŸ‡»,Bouvet Island
BW,BWA,ğŸ‡§ğŸ‡¼,Botswana
CF,CAF,ğŸ‡¨ğŸ‡«,Central African Republic
CA,CAN,ğŸ‡¨ğŸ‡¦,Canada
CC,CCK,ğŸ‡¨ğŸ‡¨,Cocos (Keeling) Islands
CH,CHE,ğŸ‡¨ğŸ‡­,Switzerland
CL,CHL,ğŸ‡¨ğŸ‡±,Chile
CN,CHN,ğŸ‡¨ğŸ‡³,China
CI,CIV,ğŸ‡¨ğŸ‡®,CÃ´te d'Ivoire
CM,CMR,ğŸ‡¨ğŸ‡²,Cameroon
CD,COD,ğŸ‡¨ğŸ‡©,"Congo, The Democratic Republic of the"
CG,COG,ğŸ‡¨ğŸ‡¬,Congo
CK,COK,ğŸ‡¨ğŸ‡°,Cook Islands
CO,COL,ğŸ‡¨ğŸ‡´,Colombia
KM,COM,ğŸ‡°ğŸ‡²,Comoros
CV,CPV,ğŸ‡¨ğŸ‡»,Cabo Verde
CR,CRI,ğŸ‡¨ğŸ‡·,Costa Rica
CU,CUB,ğŸ‡¨ğŸ‡º,Cuba
CW,CUW,ğŸ‡¨ğŸ‡¼,CuraÃ§ao
CX,CXR,ğŸ‡¨ğŸ‡½,Christmas Island
KY,CYM,ğŸ‡°ğŸ‡¾,Cayman Islands
CY,CYP,ğŸ‡¨ğŸ‡¾,Cyprus
CZ,CZE,ğŸ‡¨ğŸ‡¿,Czechia
DE,DEU,ğŸ‡©ğŸ‡ª,Germany
DJ,DJI,ğŸ‡©ğŸ‡¯,Djibouti
DM,DMA,ğŸ‡©ğŸ‡²,Dominica
DK,DNK,ğŸ‡©ğŸ‡°,Denmark
DO,DOM,ğŸ‡©ğŸ‡´,Dominican Republic
DZ,DZA,ğŸ‡©ğŸ‡¿,Algeria
EC,ECU,ğŸ‡ªğŸ‡¨,Ecuador
EG,EGY,ğŸ‡ªğŸ‡¬,Egypt
ER,ERI,ğŸ‡ªğŸ‡·,Eritrea
EH,ESH,ğŸ‡ªğŸ‡­,Western Sahara
ES,ESP,ğŸ‡ªğŸ‡¸,Spain
EE,EST,ğŸ‡ªğŸ‡ª,Estonia
ET,ETH,ğŸ‡ªğŸ‡¹,Ethiopia
FI,FIN,ğŸ‡«ğŸ‡®,Finland
FJ,FJI,ğŸ‡«ğŸ‡¯,Fiji
FK,FLK,ğŸ‡«ğŸ‡°,Falkland Islands (Malvinas)
FR,FRA,ğŸ‡«ğŸ‡·,France
FO,FRO,ğŸ‡«ğŸ‡´,Faroe Islands
FM,FSM,ğŸ‡«ğŸ‡²,"Micronesia, Federated States of"
GA,GAB,ğŸ‡¬ğŸ‡¦,Gabon
GB,GBR,ğŸ‡¬ğŸ‡§,United Kingdom
GE,GEO,ğŸ‡¬ğŸ‡ª,Georgia
GG,GGY,ğŸ‡¬ğŸ‡¬,Guernsey
GH,GHA,ğŸ‡¬ğŸ‡­,Ghana
GI,GIB,ğŸ‡¬ğŸ‡®,Gibraltar
GN,GIN,ğŸ‡¬ğŸ‡³,Guinea
GP,GLP,ğŸ‡¬ğŸ‡µ,Guadeloupe
GM,GMB,ğŸ‡¬ğŸ‡²,Gambia
GW,GNB,ğŸ‡¬ğŸ‡¼,Guinea-Bissau
GQ,GNQ,ğŸ‡¬ğŸ‡¶,Equatorial Guinea
GR,GRC,ğŸ‡¬ğŸ‡·,Greece
GD,GRD,ğŸ‡¬ğŸ‡©,Grenada
GL,GRL,ğŸ‡¬ğŸ‡±,Greenland
GT,GTM,ğŸ‡¬ğŸ‡¹,Guatemala
GF,GUF,ğŸ‡¬ğŸ‡«,French Guiana
GU,GUM,ğŸ‡¬ğŸ‡º,Guam
GY,GUY,ğŸ‡¬ğŸ‡¾,Guyana
HK,HKG,ğŸ‡­ğŸ‡°,Hong Kong
HM,HMD,ğŸ‡­ğŸ‡²,Heard Island and McDonald Islands
HN,HND,ğŸ‡­ğŸ‡³,Honduras
HR,HRV,ğŸ‡­ğŸ‡·,Croatia
HT,HTI,ğŸ‡­ğŸ‡¹,Haiti
HU,HUN,ğŸ‡­ğŸ‡º,Hungary
ID,IDN,ğŸ‡®ğŸ‡©,Indonesia
IM,IMN,ğŸ‡®ğŸ‡²,Isle of Man
IN,IND,ğŸ‡®ğŸ‡³,India
IO,IOT,ğŸ‡®ğŸ‡´,British Indian Ocean Territory
IE,IRL,ğŸ‡®ğŸ‡ª,Ireland
IR,IRN,ğŸ‡®ğŸ‡·,"Iran, Islamic Republic of"
IQ,IRQ,ğŸ‡®ğŸ‡¶,Iraq
IS,ISL,ğŸ‡®ğŸ‡¸,Iceland
IL,ISR,ğŸ‡®ğŸ‡±,Israel
IT,ITA,ğŸ‡®ğŸ‡¹,Italy
JM,JAM,ğŸ‡¯ğŸ‡²,Jamaica
JE,JEY,ğŸ‡¯ğŸ‡ª,Jersey
JO,JOR,ğŸ‡¯ğŸ‡´,Jordan
JP,JPN,ğŸ‡¯ğŸ‡µ,Japan
KZ,KAZ,ğŸ‡°ğŸ‡¿,Kazakhstan
KE,KEN,ğŸ‡°ğŸ‡ª,Kenya
KG,KGZ,ğŸ‡°ğŸ‡¬,Kyrgyzstan
KH,KHM,ğŸ‡°ğŸ‡­,Cambodia
KI,KIR,ğŸ‡°ğŸ‡®,Kiribati
KN,KNA,ğŸ‡°ğŸ‡³,Saint Kitts and Nevis
KR,KOR,ğŸ‡°ğŸ‡·,"Korea, Republic of"
KW,KWT,ğŸ‡°ğŸ‡¼,Kuwait
LA,LAO,ğŸ‡±ğŸ‡¦,Lao People's Democratic Republic
LB,LBN,ğŸ‡±ğŸ‡§,Lebanon
LR,LBR,ğŸ‡±ğŸ‡·,Liberia
LY,LBY,ğŸ‡±ğŸ‡¾,Libya
LC,LCA,ğŸ‡±ğŸ‡¨,Saint Lucia
LI,LIE,ğŸ‡±ğŸ‡®,Liechtenstein
LK,LKA,ğŸ‡±ğŸ‡°,Sri Lanka
LS,LSO,ğŸ‡±ğŸ‡¸,Lesotho
LT,LTU,ğŸ‡±ğŸ‡¹,Lithuania
LU,LUX,ğŸ‡±ğŸ‡º,Luxembourg
LV,LVA,ğŸ‡±ğŸ‡»,Latvia
MO,MAC,ğŸ‡²ğŸ‡´,Macao
MF,MAF,ğŸ‡²ğŸ‡«,Saint Martin (French part)
MA,MAR,ğŸ‡²ğŸ‡¦,Morocco
MC,MCO,ğŸ‡²ğŸ‡¨,Monaco
MD,MDA,ğŸ‡²ğŸ‡©,"Moldova, Republic of"
MG,MDG,ğŸ‡²ğŸ‡¬,Madagascar
MV,MDV,ğŸ‡²ğŸ‡»,Maldives
MX,MEX,ğŸ‡²ğŸ‡½,Mexico
MH,MHL,ğŸ‡²ğŸ‡­,Marshall Islands
MK,MKD,ğŸ‡²ğŸ‡°,North Macedonia
ML,MLI,ğŸ‡²ğŸ‡±,Mali
MT,MLT,ğŸ‡²ğŸ‡¹,Malta
MM,MMR,ğŸ‡²ğŸ‡²,Myanmar
ME,MNE,ğŸ‡²ğŸ‡ª,Montenegro
MN,MNG,ğŸ‡²ğŸ‡³,Mongolia
MP,MNP,ğŸ‡²ğŸ‡µ,Northern Mariana Islands
MZ,MOZ,ğŸ‡²ğŸ‡¿,Mozambique
MR,MRT,ğŸ‡²ğŸ‡·,Mauritania
MS,MSR,ğŸ‡²ğŸ‡¸,Montserrat
MQ,MTQ,ğŸ‡²ğŸ‡¶,Martinique
MU,MUS,ğŸ‡²ğŸ‡º,Mauritius
MW,MWI,ğŸ‡²ğŸ‡¼,Malawi
MY,MYS,ğŸ‡²ğŸ‡¾,Malaysia
YT,MYT,ğŸ‡¾ğŸ‡¹,Mayotte
NA,NAM,ğŸ‡³ğŸ‡¦,Namibia
NC,NCL,ğŸ‡³ğŸ‡¨,New Caledonia
NE,NER,ğŸ‡³ğŸ‡ª,Niger
NF,NFK,ğŸ‡³ğŸ‡«,Norfolk Island
NG,NGA,ğŸ‡³ğŸ‡¬,Nigeria
NI,NIC,ğŸ‡³ğŸ‡®,Nicaragua
NU,NIU,ğŸ‡³ğŸ‡º,Niue
NL,NLD,ğŸ‡³ğŸ‡±,Netherlands
NO,NOR,ğŸ‡³ğŸ‡´,Norway
NP,NPL,ğŸ‡³ğŸ‡µ,Nepal
NR,NRU,ğŸ‡³ğŸ‡·,Nauru
NZ,NZL,ğŸ‡³ğŸ‡¿,New Zealand
OM,OMN,ğŸ‡´ğŸ‡²,Oman
PK,PAK,ğŸ‡µğŸ‡°,Pakistan
PA,PAN,ğŸ‡µğŸ‡¦,Panama
PN,PCN,ğŸ‡µğŸ‡³,Pitcairn
PE,PER,ğŸ‡µğŸ‡ª,Peru
PH,PHL,ğŸ‡µğŸ‡­,Philippines
PW,PLW,ğŸ‡µğŸ‡¼,Palau
PG,PNG,ğŸ‡µğŸ‡¬,Papua New Guinea
PL,POL,ğŸ‡µğŸ‡±,Poland
PR,PRI,ğŸ‡µğŸ‡·,Puerto Rico
KP,PRK,ğŸ‡°ğŸ‡µ,"Korea, Democratic People's Republic of"
PT,PRT,ğŸ‡µğŸ‡¹,Portugal
PY,PRY,ğŸ‡µğŸ‡¾,Paraguay
PS,PSE,ğŸ‡µğŸ‡¸,"Palestine, State of"
PF,PYF,ğŸ‡µğŸ‡«,French Polynesia
QA,QAT,ğŸ‡¶ğŸ‡¦,Qatar
RE,REU,ğŸ‡·ğŸ‡ª,RÃ©union
RO,ROU,ğŸ‡·ğŸ‡´,Romania
RU,RUS,ğŸ‡·ğŸ‡º,Russian Federation
RW,RWA,ğŸ‡·ğŸ‡¼,Rwanda
SA,SAU,ğŸ‡¸ğŸ‡¦,Saudi Arabia
SD,SDN,ğŸ‡¸ğŸ‡©,Sudan
SN,SEN,ğŸ‡¸ğŸ‡³,Senegal
SG,SGP,ğŸ‡¸ğŸ‡¬,Singapore
GS,SGS,ğŸ‡¬ğŸ‡¸,South Georgia and the South Sandwich Islands
SH,SHN,ğŸ‡¸ğŸ‡­,"Saint Helena, Ascension and Tristan da Cunha"
SJ,SJM,ğŸ‡¸ğŸ‡¯,Svalbard and Jan Mayen
SB,SLB,ğŸ‡¸ğŸ‡§,Solomon Islands
SL,SLE,ğŸ‡¸ğŸ‡±,Sierra Leone
SV,SLV,ğŸ‡¸ğŸ‡»,El Salvador
SM,SMR,ğŸ‡¸ğŸ‡²,San Marino
SO,SOM,ğŸ‡¸ğŸ‡´,Somalia
PM,SPM,ğŸ‡µğŸ‡²,Saint Pierre and Miquelon
RS,SRB,ğŸ‡·ğŸ‡¸,Serbia
SS,SSD,ğŸ‡¸ğŸ‡¸,South Sudan
ST,STP,ğŸ‡¸ğŸ‡¹,Sao Tome and Principe
SR,SUR,ğŸ‡¸ğŸ‡·,Suriname
SK,SVK,ğŸ‡¸ğŸ‡°,Slovakia
SI,SVN,ğŸ‡¸ğŸ‡®,Slovenia
SE,SWE,ğŸ‡¸ğŸ‡ª,Sweden
SZ,SWZ,ğŸ‡¸ğŸ‡¿,Eswatini
SX,SXM,ğŸ‡¸ğŸ‡½,Sint Maarten (Dutch part)
SC,SYC,ğŸ‡¸ğŸ‡¨,Seychelles
SY,SYR,ğŸ‡¸ğŸ‡¾,Syrian Arab Republic
TC,TCA,ğŸ‡¹ğŸ‡¨,Turks and Caicos Islands
TD,TCD,ğŸ‡¹ğŸ‡©,Chad
TG,TGO,ğŸ‡¹ğŸ‡¬,Togo
TH,THA,ğŸ‡¹ğŸ‡­,Thailand
TJ,TJK,ğŸ‡¹ğŸ‡¯,Tajikistan
TK,TKL,ğŸ‡¹ğŸ‡°,Tokelau
TM,TKM,ğŸ‡¹ğŸ‡²,Turkmenistan
TL,TLS,ğŸ‡¹ğŸ‡±,Timor-Leste
TO,TON,ğŸ‡¹ğŸ‡´,Tonga
TT,TTO,ğŸ‡¹ğŸ‡¹,Trinidad and Tobago
TN,TUN,ğŸ‡¹ğŸ‡³,Tunisia
TR,TUR,ğŸ‡¹ğŸ‡·,TÃ¼rkiye
TV,TUV,ğŸ‡¹ğŸ‡»,Tuvalu
TW,TWN,ğŸ‡¹ğŸ‡¼,"Taiwan, Province of China"
TZ,TZA,ğŸ‡¹ğŸ‡¿,"Tanzania, United Republic of"
UG,UGA,ğŸ‡ºğŸ‡¬,Uganda
UA,UKR,ğŸ‡ºğŸ‡¦,Ukraine
UM,UMI,ğŸ‡ºğŸ‡²,United States Minor Outlying Islands
UY,URY,ğŸ‡ºğŸ‡¾,Uruguay
US,USA,ğŸ‡ºğŸ‡¸,United States
UZ,UZB,ğŸ‡ºğŸ‡¿,Uzbekistan
VA,VAT,ğŸ‡»ğŸ‡¦,Holy See (Vatican City State)
VC,VCT,ğŸ‡»ğŸ‡¨,Saint Vincent and the Grenadines
VE,VEN,ğŸ‡»ğŸ‡ª,"Venezuela, Bolivarian Republic of"
VG,VGB,ğŸ‡»ğŸ‡¬,"Virgin Islands, British"
VI,VIR,ğŸ‡»ğŸ‡®,"Virgin Islands, U.S."
VN,VNM,ğŸ‡»ğŸ‡³,Viet Nam
VU,VUT,ğŸ‡»ğŸ‡º,Vanuatu
WF,WLF,ğŸ‡¼ğŸ‡«,Wallis and Futuna
WS,WSM,ğŸ‡¼ğŸ‡¸,Samoa
YE,YEM,ğŸ‡¾ğŸ‡ª,Yemen
ZA,ZAF,ğŸ‡¿ğŸ‡¦,South Africa
ZM,ZMB,ğŸ‡¿ğŸ‡²,Zambia
ZW,ZWE,ğŸ‡¿ğŸ‡¼,Zimbabwe
